Signature,1701,2523,531,233,image (1017).png,2480,3480
Signature,292,2854,316,184,image (102).png,2476,3476
Signature,1588,2551,448,188,image (1046).png,2472,3476
Signature,1211,2037,442,199,image (1087).png,2488,3504
Signature,285,2379,273,163,image (111).png,2476,3472
Signature,1501,2133,385,144,image (134).png,2468,3484
Signature,1632,2589,242,129,image (158).png,2468,3480
Signature,1758,2266,451,137,image (207).png,2476,3480
Signature,1982,2475,252,146,image (243).png,2468,3480
Signature,395,2189,400,156,image (263).png,2468,3484
Signature,371,2582,292,188,image (276).png,2472,3476
Signature,1624,2768,435,217,image (294).png,2472,3480
Signature,1705,2720,379,172,image (318).png,2476,3480
Signature,1501,2832,451,255,image (334).png,2476,3476
Signature,1693,2860,341,193,image (343).png,2480,3480
Signature,1545,2969,347,246,image (345).png,2472,3476
Signature,1227,2752,271,285,image (346).png,2472,3480
Signature,1606,2442,444,217,image (41).png,2468,3480
Signature,1643,2542,655,161,image (43).png,2480,3484
Signature,1920,2089,342,158,image (438).png,2476,3476
Signature,1967,1998,298,146,image (463).png,2476,3476
Signature,1903,1997,347,123,image (473).png,2468,3484
Signature,1932,1686,331,175,image (510).png,2476,3476
Signature,1453,2406,504,166,image (524).png,2468,3476
Signature,1734,2503,392,185,image (54).png,2476,3484
Signature,269,2200,255,117,image (556).png,2472,3476
Signature,1448,2617,300,188,image (607).png,2476,3480
Signature,1651,2744,330,153,image (621).png,2472,3480
Signature,1860,2446,403,258,image (635).png,2472,3480
Signature,1674,2392,322,196,image (636).png,2480,3480
Signature,1619,2821,224,134,image (639).png,2480,3476
Signature,256,2626,255,140,image (662).png,2480,3484
Signature,1554,2454,294,151,image (67).png,2476,3476
Signature,1614,2693,728,186,image (721).png,2476,3476
Signature,1592,2639,193,193,image (74).png,2476,3476
Signature,285,2704,233,157,image (747).png,2472,3484
Signature,253,2625,438,224,image (761).png,2468,3480
Signature,470,2607,395,184,image (766).png,2468,3476
Signature,234,2543,290,99,image (781).png,2480,3480
Signature,276,2616,281,219,image (784).png,2476,3476
Signature,1163,2349,271,180,image (850).png,2472,3480
Signature,231,2212,224,118,image (895).png,2468,3476
Signature,1462,2601,423,121,image (899).png,2476,3472
Signature,1477,2681,389,140,image (925).png,2472,3480
Signature,1410,2610,436,223,image (926).png,2468,3480
Signature,1588,2828,231,146,image (971).png,2468,3480
Signature,1162,2449,716,175,image (975).png,2476,3476
Signature,1610,2763,464,139,image (982).png,2468,3480
Signature,1626,2418,360,115,image (1031).png,2468,3480
Signature,1728,2534,313,202,image (1032).png,2468,3476
Signature,1631,2303,506,213,image (1033).png,2472,3472
Signature,1487,2360,571,175,image (1034).png,2468,3480
Signature,1565,2505,319,109,image (1035).png,2476,3476
Signature,1698,2150,319,171,image (1036).png,2476,3472
Signature,1626,2334,448,160,image (1037).png,2480,3480
Signature,1666,2611,395,202,image (1038).png,2476,3476
Signature,1824,2555,204,174,image (1039).png,2480,3476
Signature,1593,2388,322,166,image (1040).png,2476,3476
Signature,262,2559,227,175,image (116).png,2480,3484
Signature,233,2443,226,149,image (117).png,2468,3480
Signature,267,2449,472,199,image (118).png,2476,3480
Signature,256,2474,294,161,image (119).png,2484,3488
Signature,278,2471,242,174,image (120).png,2480,3480
Signature,261,2341,283,151,image (121).png,2476,3484
Signature,284,2398,350,185,image (122).png,2480,3480
Signature,308,2476,163,159,image (123).png,2484,3480
Signature,308,2502,240,211,image (124).png,2480,3484
Signature,256,2460,212,204,image (125).png,2468,3484
Signature,352,2584,555,185,image (178).png,2472,3484
Signature,1923,2463,276,202,image (221).png,2472,3484
Signature,1931,2412,247,213,image (222).png,2476,3480
Signature,1913,2215,281,185,image (223).png,2476,3480
Signature,1690,2255,513,229,image (224).png,2480,3484
Signature,2011,2546,250,126,image (225).png,2472,3480
Signature,1790,2461,530,170,image (226).png,2480,3476
Signature,1904,2530,359,149,image (227).png,2468,3480
Signature,1946,2475,410,170,image (228).png,2468,3480
Signature,1945,2554,296,187,image (229).png,2468,3476
Signature,1990,2455,234,146,image (230).png,2468,3480
Signature,594,2539,447,196,image (333).png,2476,3480
Signature,1663,2356,310,165,image (366).png,2468,3484
Signature,1618,2508,505,211,image (367).png,2468,3480
Signature,1701,2285,336,134,image (368).png,2472,3484
Signature,1617,2317,306,190,image (369).png,2468,3476
Signature,1649,2466,463,187,image (370).png,2472,3480
Signature,1758,2218,240,154,image (371).png,2480,3480
Signature,1673,2209,271,121,image (372).png,2464,3480
Signature,1603,2552,408,191,image (373).png,2480,3484
Signature,1683,2304,336,124,image (374).png,2472,3480
Signature,1808,2232,193,175,image (375).png,2476,3476
Signature,1894,2079,294,160,image (444).png,2468,3476
Signature,1800,1921,387,229,image (446).png,2476,3484
Signature,1860,2112,578,129,image (447).png,2472,3484
Signature,1790,2115,359,190,image (448).png,2472,3476
Signature,1968,2019,248,149,image (449).png,2476,3472
Signature,1865,1778,363,223,image (450).png,2472,3480
Signature,1951,2038,261,135,image (451).png,2472,3480
Signature,1921,2058,326,194,image (452).png,2472,3484
Signature,1918,2013,445,248,image (453).png,2472,3484
Signature,1837,2194,365,174,image (454).png,2472,3484
Signature,1906,2071,308,172,image (455).png,2472,3476
Signature,1926,1787,278,138,image (501).png,2468,3480
Signature,1818,1730,403,213,image (502).png,2476,3480
Signature,1995,1786,205,155,image (503).png,2476,3472
Signature,1920,1801,322,163,image (504).png,2476,3480
Signature,1864,1851,360,167,image (505).png,2480,3480
Signature,1932,1726,214,135,image (506).png,2476,3476
Signature,1950,1642,249,158,image (507).png,2476,3484
Signature,1834,1882,455,181,image (508).png,2472,3488
Signature,1888,1898,287,167,image (509).png,2468,3480
Signature,1548,2683,216,193,image (606).png,2476,3476
Signature,1455,2394,265,121,image (608).png,2476,3472
Signature,1601,2328,316,142,image (609).png,2472,3476
Signature,1422,2409,550,198,image (610).png,2476,3476
Signature,1597,2575,349,153,image (611).png,2476,3476
Signature,1919,2676,213,185,image (612).png,2472,3480
Signature,1656,2417,242,134,image (613).png,2472,3480
Signature,1669,2382,247,134,image (614).png,2476,3476
Signature,1748,2491,226,141,image (615).png,2472,3484
Signature,1764,2669,255,190,image (706).png,2468,3476
Signature,1737,2704,303,190,image (707).png,2468,3476
Signature,1752,2588,302,157,image (708).png,2472,3480
Signature,1743,2739,305,181,image (709).png,2468,3472
Signature,1526,2621,525,153,image (710).png,2476,3480
Signature,1570,2598,496,182,image (711).png,2484,3484
Signature,1667,2475,443,180,image (712).png,2472,3480
Signature,1774,2653,224,147,image (713).png,2476,3480
Signature,1791,2691,217,180,image (714).png,2476,3480
Signature,1686,2552,335,136,image (715).png,2480,3476
Signature,278,2354,266,148,image (821).png,2476,3472
Signature,309,2323,221,140,image (822).png,2476,3476
Signature,358,2631,211,154,image (823).png,2472,3476
Signature,255,2402,228,152,image (824).png,2476,3480
Signature,260,2258,530,185,image (825).png,2472,3480
Signature,326,2407,446,191,image (826).png,2480,3480
Signature,262,2407,243,157,image (827).png,2468,3476
Signature,256,2502,328,182,image (828).png,2468,3480
Signature,309,2347,339,196,image (829).png,2476,3484
Signature,318,2440,328,187,image (830).png,2468,3480
Signature,1424,2735,384,182,image (916).png,2480,3476
Signature,1426,2681,294,154,image (917).png,2476,3476
Signature,1400,2580,463,193,image (918).png,2476,3480
Signature,1525,2629,204,196,image (919).png,2480,3484
Signature,1451,2697,248,165,image (920).png,2472,3480
Signature,1467,2498,323,183,image (921).png,2472,3484
Signature,1399,2506,296,201,image (922).png,2472,3480
Signature,1409,2501,380,153,image (923).png,2468,3476
Signature,1316,2739,674,181,image (924).png,2476,3480
